slug,title,output_path,type
near-seoul,서울 근교 골프장,public/seo-images/collections/near-seoul.png,collection
public,대중제 골프장,public/seo-images/collections/public.png,collection
baekdori,백돌이 골프장,public/seo-images/collections/baekdori.png,collection
beginner,초보자 골프장,public/seo-images/collections/beginner.png,collection
par3,파3 골프장,public/seo-images/collections/par3.png,collection
nine-hole,나인홀 골프장,public/seo-images/collections/nine-hole.png,collection
budget,저렴한 골프장,public/seo-images/collections/budget.png,collection
near-seoul-public,서울 근교 대중제 골프장,public/seo-images/collections/near-seoul-public.png,collection
near-seoul-baekdori,서울 근교 백돌이 골프장,public/seo-images/collections/near-seoul-baekdori.png,collection
near-seoul-beginner,서울 근교 초보자 골프장,public/seo-images/collections/near-seoul-beginner.png,collection
near-seoul-budget,서울 근교 저렴한 골프장,public/seo-images/collections/near-seoul-budget.png,collection
near-seoul-nine-hole,서울 근교 나인홀 골프장,public/seo-images/collections/near-seoul-nine-hole.png,collection
near-seoul-par3,서울 근교 파3 골프장,public/seo-images/collections/near-seoul-par3.png,collection
seoul,서울 골프장,public/seo-images/regions/seoul.png,region
gyeonggi,경기 골프장,public/seo-images/regions/gyeonggi.png,region
incheon,인천 골프장,public/seo-images/regions/incheon.png,region
gangwon,강원 골프장,public/seo-images/regions/gangwon.png,region
chungcheong,충청 골프장,public/seo-images/regions/chungcheong.png,region
jeolla,전라 골프장,public/seo-images/regions/jeolla.png,region
gyeongsang,경상 골프장,public/seo-images/regions/gyeongsang.png,region
jeju,제주 골프장,public/seo-images/regions/jeju.png,region
busan,부산 골프장,public/seo-images/regions/busan.png,region
gc-9b37cfc9caa8,뉴스프링빌CC,public/seo-images/courses/gc-9b37cfc9caa8.png,course
gc-1f14d0ca89b4,가산CC,public/seo-images/courses/gc-1f14d0ca89b4.png,course
gc-a862e6d054f2,빅토리아GC,public/seo-images/courses/gc-a862e6d054f2.png,course
gc-15dd2e00d6c7,군위오펠GC,public/seo-images/courses/gc-15dd2e00d6c7.png,course
gc-9a7cb8103191,오크밸리CC,public/seo-images/courses/gc-9a7cb8103191.png,course
gc-7b4833dc4475,월송리CC,public/seo-images/courses/gc-7b4833dc4475.png,course
gc-40bd08295048,오크힐스CC,public/seo-images/courses/gc-40bd08295048.png,course
gc-120fdf5098ca,센추리21CC,public/seo-images/courses/gc-120fdf5098ca.png,course
gc-d2426892b3a5,센추리21CC(퍼블릭),public/seo-images/courses/gc-d2426892b3a5.png,course
gc-e9127c84ddf1,소노펠리체CC 비발디파크 WEST,public/seo-images/courses/gc-e9127c84ddf1.png,course
gc-56adaea8c265,소노펠리체CC 비발디파크 MOUNTAIN,public/seo-images/courses/gc-56adaea8c265.png,course
gc-67d0f65e6b2d,설해원,public/seo-images/courses/gc-67d0f65e6b2d.png,course
gc-e684f84c8fa4,레이크사이드CC(퍼블릭),public/seo-images/courses/gc-e684f84c8fa4.png,course
gc-0c833ff6d95f,블루원용인CC(회원제),public/seo-images/courses/gc-0c833ff6d95f.png,course
gc-bcdfbfe815c7,비에이비스타CC(회원제),public/seo-images/courses/gc-bcdfbfe815c7.png,course
gc-9de1c40fef77,"블랙스톤CC(퍼블릭, 서코스)",public/seo-images/courses/gc-9de1c40fef77.png,course
gc-9d709ff43c33,몽베르CC(퍼블릭),public/seo-images/courses/gc-9d709ff43c33.png,course
gc-8a797fe2213a,금강CC(회원제),public/seo-images/courses/gc-8a797fe2213a.png,course
gc-3f6cace5bf14,"금강CC(퍼블릭, 동코스)",public/seo-images/courses/gc-3f6cace5bf14.png,course
gc-6259847b3bba,스카이밸리CC(퍼블릭),public/seo-images/courses/gc-6259847b3bba.png,course
gc-6b7f785d4813,힐스카이CC,public/seo-images/courses/gc-6b7f785d4813.png,course
gc-9adfe4aa2a07,안동리버힐CC,public/seo-images/courses/gc-9adfe4aa2a07.png,course
gc-1730ca5fe304,뉴스프링빌2CC,public/seo-images/courses/gc-1730ca5fe304.png,course
gc-5607a255716b,파라지오CC,public/seo-images/courses/gc-5607a255716b.png,course
gc-66dd9ef01893,파미힐스CC,public/seo-images/courses/gc-66dd9ef01893.png,course
gc-3d725200e925,울산CC,public/seo-images/courses/gc-3d725200e925.png,course
gc-dfddaf985536,순천CC,public/seo-images/courses/gc-dfddaf985536.png,course
gc-a6fee0f415b7,화순CC,public/seo-images/courses/gc-a6fee0f415b7.png,course
gc-7c044b23d1a4,SG아름다운골프&리조트,public/seo-images/courses/gc-7c044b23d1a4.png,course
gc-41c9fac17790,롯데스카이힐부여CC,public/seo-images/courses/gc-41c9fac17790.png,course
gc-98e3f829ab99,힐마루CC(퍼블릭),public/seo-images/courses/gc-98e3f829ab99.png,course
gc-43ee7ee149ba,오션힐스 포항CC,public/seo-images/courses/gc-43ee7ee149ba.png,course
gc-7ef835cc44ce,엘리시안제주(회원제),public/seo-images/courses/gc-7ef835cc44ce.png,course
gc-57d2cac587d2,에버리스GR(퍼블릭),public/seo-images/courses/gc-57d2cac587d2.png,course
gc-8c893fc692ea,캐슬렉스제주(퍼블릭),public/seo-images/courses/gc-8c893fc692ea.png,course
gc-a34d1218714a,해비치CC(퍼블릭),public/seo-images/courses/gc-a34d1218714a.png,course
gc-ae905ec6b25f,소노펠리체CC 비발디파크 EAST,public/seo-images/courses/gc-ae905ec6b25f.png,course
gc-ec8024eb7955,웰리힐리CC,public/seo-images/courses/gc-ec8024eb7955.png,course
gc-07b4c0178c39,블루헤런GC,public/seo-images/courses/gc-07b4c0178c39.png,course
gc-69fe3eb3e177,사우스케이프CC,public/seo-images/courses/gc-69fe3eb3e177.png,course
gc-cd6b63162f39,거창CC,public/seo-images/courses/gc-cd6b63162f39.png,course
gc-a1d37ac059d4,경주CC,public/seo-images/courses/gc-a1d37ac059d4.png,course
gc-130f7b88bcf3,우리GC,public/seo-images/courses/gc-130f7b88bcf3.png,course
gc-29c208d17553,오션힐스 청도GC,public/seo-images/courses/gc-29c208d17553.png,course
gc-2159121d90f9,광산CC,public/seo-images/courses/gc-2159121d90f9.png,course
gc-b0d53a657195,클럽72CC,public/seo-images/courses/gc-b0d53a657195.png,course
gc-a7bb99a4bcec,클럽72CC(하늘),public/seo-images/courses/gc-a7bb99a4bcec.png,course
gc-d5a6f91a588a,다산베아채골프&리조트,public/seo-images/courses/gc-d5a6f91a588a.png,course
gc-c8fc5eccf7b9,함평천지CC,public/seo-images/courses/gc-c8fc5eccf7b9.png,course
gc-606fb4b33249,올데이청주떼제베,public/seo-images/courses/gc-606fb4b33249.png,course
gc-97d5d758dc31,블랙스톤CC,public/seo-images/courses/gc-97d5d758dc31.png,course
gc-ce976348ba8f,아난티클럽제주(퍼블릭),public/seo-images/courses/gc-ce976348ba8f.png,course
gc-4d1cbdf3ceb2,롯데스카이힐제주CC,public/seo-images/courses/gc-4d1cbdf3ceb2.png,course
gc-ae299d74ffe4,여수시티파크리조트골프장,public/seo-images/courses/gc-ae299d74ffe4.png,course
gc-b768a2002431,메이플비치골프앤리조트 CC,public/seo-images/courses/gc-b768a2002431.png,course
gc-e6edfdd39527,오투리조트CC,public/seo-images/courses/gc-e6edfdd39527.png,course
gc-fac50b03683e,벨라45 컨트리클럽,public/seo-images/courses/gc-fac50b03683e.png,course
gc-11423b427515,용평리조트골프클럽,public/seo-images/courses/gc-11423b427515.png,course
gc-1e4b4a02117e,용평버치힐골프클럽,public/seo-images/courses/gc-1e4b4a02117e.png,course
gc-07cd3007c683,용평리조트대중골프장,public/seo-images/courses/gc-07cd3007c683.png,course
gc-4af8a2f8ed32,플라자CC 용인,public/seo-images/courses/gc-4af8a2f8ed32.png,course
gc-9da6f2a0f2d9,태광CC(회원제),public/seo-images/courses/gc-9da6f2a0f2d9.png,course
gc-3d63d3179c0f,태광CC(퍼블릭),public/seo-images/courses/gc-3d63d3179c0f.png,course
gc-0f218a599984,88CC,public/seo-images/courses/gc-0f218a599984.png,course
gc-588d348bc962,레이크사이드CC(회원제),public/seo-images/courses/gc-588d348bc962.png,course
gc-2ef4e18d677b,블루원용인CC(퍼블릭),public/seo-images/courses/gc-2ef4e18d677b.png,course
gc-4487ee52808c,코리아퍼블릭CC,public/seo-images/courses/gc-4487ee52808c.png,course
gc-4687a4044d34,지산퍼블릭,public/seo-images/courses/gc-4687a4044d34.png,course
gc-8fbc2ee961a0,고양컨트리클럽,public/seo-images/courses/gc-8fbc2ee961a0.png,course
gc-a80360466b97,123골프클럽,public/seo-images/courses/gc-a80360466b97.png,course
gc-ccb45b4f27e1,발리오스CC(회원제),public/seo-images/courses/gc-ccb45b4f27e1.png,course
gc-2db2d6cad688,"발리오스CC(퍼블릭, 남코스)",public/seo-images/courses/gc-2db2d6cad688.png,course
gc-4905c6ca9b75,화성상록GC,public/seo-images/courses/gc-4905c6ca9b75.png,course
gc-73a2a3982c35,한림광릉CC(회원제),public/seo-images/courses/gc-73a2a3982c35.png,course
gc-66517960c8f8,한림광릉CC(퍼블릭),public/seo-images/courses/gc-66517960c8f8.png,course
gc-63e74643a178,더헤븐CC,public/seo-images/courses/gc-63e74643a178.png,course
gc-81becbdb274e,파주제이퍼블릭골프클럽,public/seo-images/courses/gc-81becbdb274e.png,course
gc-34f4d067cfc2,원더클럽 파주CC,public/seo-images/courses/gc-34f4d067cfc2.png,course
gc-9eb46dae9c9d,타이거CC,public/seo-images/courses/gc-9eb46dae9c9d.png,course
gc-f2cf5d51eba9,레이크우드CC(회원제),public/seo-images/courses/gc-f2cf5d51eba9.png,course
gc-310ce4be2e54,레이크우드CC(퍼블릭),public/seo-images/courses/gc-310ce4be2e54.png,course
gc-2f2cc6b9afe3,비에이비스타CC(퍼블릭),public/seo-images/courses/gc-2f2cc6b9afe3.png,course
gc-06bb9165507c,사우스스프링스CC,public/seo-images/courses/gc-06bb9165507c.png,course
gc-014659dabae9,블랙스톤CC,public/seo-images/courses/gc-014659dabae9.png,course
gc-403c1dbe574a,이천실크밸리GC,public/seo-images/courses/gc-403c1dbe574a.png,course
gc-fde386e28664,마이다스레이크 이천 골프앤리조트,public/seo-images/courses/gc-fde386e28664.png,course
gc-cd449267e87f,파인크리크CC,public/seo-images/courses/gc-cd449267e87f.png,course
gc-adc16ee54b54,안성CC,public/seo-images/courses/gc-adc16ee54b54.png,course
gc-4884a38f1896,포천아도니스CC,public/seo-images/courses/gc-4884a38f1896.png,course
gc-e2614722e86e,포천아도니스CC 퍼블릭,public/seo-images/courses/gc-e2614722e86e.png,course
gc-1914b4243487,몽베르CC(회원제),public/seo-images/courses/gc-1914b4243487.png,course
gc-d569726d2503,일동레이크GC,public/seo-images/courses/gc-d569726d2503.png,course
gc-51bfec26aa96,자유CC,public/seo-images/courses/gc-51bfec26aa96.png,course
gc-61ba4f976442,렉스필드CC(회원제),public/seo-images/courses/gc-61ba4f976442.png,course
gc-657d8f5d1426,렉스필드CC(퍼블릭),public/seo-images/courses/gc-657d8f5d1426.png,course
gc-ddb3947686d1,스카이밸리CC(회원제),public/seo-images/courses/gc-ddb3947686d1.png,course
gc-2cf253808f7a,캐슬파인GC,public/seo-images/courses/gc-2cf253808f7a.png,course
gc-d14f87b6bb30,썬힐GC,public/seo-images/courses/gc-d14f87b6bb30.png,course
gc-aa2c41b33610,아난티클럽서울,public/seo-images/courses/gc-aa2c41b33610.png,course
gc-a8d0095f2145,가평 베네스트GC,public/seo-images/courses/gc-a8d0095f2145.png,course
gc-8503021b2f0d,리앤리CC,public/seo-images/courses/gc-8503021b2f0d.png,course
gc-68d69c3be5e4,골프존카운티 이든,public/seo-images/courses/gc-68d69c3be5e4.png,course
gc-60336c4fc30b,노벨컨트리클럽,public/seo-images/courses/gc-60336c4fc30b.png,course
gc-dd8a710bd41c,이스턴CC,public/seo-images/courses/gc-dd8a710bd41c.png,course
gc-4fc6d117b7f4,경주신라CC,public/seo-images/courses/gc-4fc6d117b7f4.png,course
gc-4826ba3e38b9,마우나오션CC,public/seo-images/courses/gc-4826ba3e38b9.png,course
gc-16c25d6f3f20,마우나오션CC,public/seo-images/courses/gc-16c25d6f3f20.png,course
gc-eb9124b06908,코오롱호텔 가든 골프장,public/seo-images/courses/gc-eb9124b06908.png,course
gc-881d18bae24f,강동디아너스CC,public/seo-images/courses/gc-881d18bae24f.png,course
gc-e67c48835b2a,선리치골프클럽,public/seo-images/courses/gc-e67c48835b2a.png,course
gc-d69bb1cfadc7,이스트힐컨트리클럽,public/seo-images/courses/gc-d69bb1cfadc7.png,course
gc-bd2c2f813e31,애플밸리CC,public/seo-images/courses/gc-bd2c2f813e31.png,course
gc-1e3e002ab2ce,김천포도CC,public/seo-images/courses/gc-1e3e002ab2ce.png,course
gc-8894492ab1a6,남안동CC,public/seo-images/courses/gc-8894492ab1a6.png,course
gc-ddc7e02567ba,구미CC,public/seo-images/courses/gc-ddc7e02567ba.png,course
gc-f7e7bf534d31,오션힐스 영천CC,public/seo-images/courses/gc-f7e7bf534d31.png,course
gc-206bb0d5628c,시엘GC,public/seo-images/courses/gc-206bb0d5628c.png,course
gc-77f7a5893fb0,문경GC,public/seo-images/courses/gc-77f7a5893fb0.png,course
gc-fe29a1584040,대구컨트리클럽,public/seo-images/courses/gc-fe29a1584040.png,course
gc-c781c317ede3,오션비치 골프앤리조트,public/seo-images/courses/gc-c781c317ede3.png,course
gc-911caf331754,그레이스CC,public/seo-images/courses/gc-911caf331754.png,course
gc-0665bc0c6cce,고령유니밸리CC,public/seo-images/courses/gc-0665bc0c6cce.png,course
gc-e2e76f635c4a,세븐밸리CC,public/seo-images/courses/gc-e2e76f635c4a.png,course
gc-bc41a2489944,칠곡아이위시CC,public/seo-images/courses/gc-bc41a2489944.png,course
gc-7b483fb0f2d1,이지스카이 골프클럽,public/seo-images/courses/gc-7b483fb0f2d1.png,course
gc-4906278997cc,사이언스대덕골프장,public/seo-images/courses/gc-4906278997cc.png,course
gc-de756338755f,해라CC,public/seo-images/courses/gc-de756338755f.png,course
gc-9407b216837c,골프존카운티 더골프,public/seo-images/courses/gc-9407b216837c.png,course
gc-349a94f1be3f,세이지우드CC 여수경도,public/seo-images/courses/gc-349a94f1be3f.png,course
gc-dcb20414b48e,나주CC,public/seo-images/courses/gc-dcb20414b48e.png,course
gc-050aa8bd6c6f,파인비치,public/seo-images/courses/gc-050aa8bd6c6f.png,course
gc-5085ddf672a6,코스모스링스(폐업),public/seo-images/courses/gc-5085ddf672a6.png,course
gc-3355d2573fd4,에콜리안영광CC,public/seo-images/courses/gc-3355d2573fd4.png,course
gc-667fefd06c3f,푸른솔GC 장성,public/seo-images/courses/gc-667fefd06c3f.png,course
gc-14ba1ad9ac28,군산CC,public/seo-images/courses/gc-14ba1ad9ac28.png,course
gc-7e17709a629a,익산컨트리클럽,public/seo-images/courses/gc-7e17709a629a.png,course
gc-236bf8a0310c,에스페란사GC,public/seo-images/courses/gc-236bf8a0310c.png,course
gc-6d34f609ed90,금과골프장,public/seo-images/courses/gc-6d34f609ed90.png,course
gc-fd40b7bf3b76,순창CC,public/seo-images/courses/gc-fd40b7bf3b76.png,course
gc-7d2ed71b8086,그린필드GC,public/seo-images/courses/gc-7d2ed71b8086.png,course
gc-7860808d29d1,테디밸리CC,public/seo-images/courses/gc-7860808d29d1.png,course
gc-cf50ab88350d,제주힐CC(폐업),public/seo-images/courses/gc-cf50ab88350d.png,course
gc-ad576aa399b4,아덴힐CC,public/seo-images/courses/gc-ad576aa399b4.png,course
gc-baa4851e3f89,플라자CC 제주,public/seo-images/courses/gc-baa4851e3f89.png,course
gc-2372496c2665,스프링데일CC,public/seo-images/courses/gc-2372496c2665.png,course
gc-af1917ce6948,샤인빌파크 컨트리클럽,public/seo-images/courses/gc-af1917ce6948.png,course
gc-46caa66a0c89,골드리버CC,public/seo-images/courses/gc-46caa66a0c89.png,course
gc-25f812ff383a,계룡산골프클럽,public/seo-images/courses/gc-25f812ff383a.png,course
gc-5df84bcc3bd5,플라밍고CC,public/seo-images/courses/gc-5df84bcc3bd5.png,course
gc-b21ce78f76ca,골든베이골프앤리조트,public/seo-images/courses/gc-b21ce78f76ca.png,course
gc-2abf3143e489,스톤비치컨트리클럽,public/seo-images/courses/gc-2abf3143e489.png,course
gc-d0e3ce523b5f,레인보우힐스CC,public/seo-images/courses/gc-d0e3ce523b5f.png,course
gc-c5f55ef01f20,로얄포레cc,public/seo-images/courses/gc-c5f55ef01f20.png,course
gc-ab79864b5bdf,모나크CC,public/seo-images/courses/gc-ab79864b5bdf.png,course
gc-5384133fb9bc,가야CC(회원제),public/seo-images/courses/gc-5384133fb9bc.png,course
gc-9bd0f98bfdee,가야CC(퍼블릭),public/seo-images/courses/gc-9bd0f98bfdee.png,course
gc-49a45667bbb1,힐마루CC(회원제),public/seo-images/courses/gc-49a45667bbb1.png,course
gc-1636db0b5c9f,오션힐스 포항CC(회원제),public/seo-images/courses/gc-1636db0b5c9f.png,course
gc-28ff72e3fac8,서라벌GC,public/seo-images/courses/gc-28ff72e3fac8.png,course
gc-783a937fe067,엠스클럽 의성 CC,public/seo-images/courses/gc-783a937fe067.png,course
gc-044a801a85d5,골드레이크CC (퍼블릭),public/seo-images/courses/gc-044a801a85d5.png,course
gc-990342c1d90c,골드레이크CC (회원제),public/seo-images/courses/gc-990342c1d90c.png,course
gc-660ffc0f1f8d,해피니스CC,public/seo-images/courses/gc-660ffc0f1f8d.png,course
gc-7c780d37c946,태인CC,public/seo-images/courses/gc-7c780d37c946.png,course
gc-48b0d3b9c2cb,엘리시안제주(퍼블릭),public/seo-images/courses/gc-48b0d3b9c2cb.png,course
gc-81f3ec25ee6f,에버리스GR(회원제),public/seo-images/courses/gc-81f3ec25ee6f.png,course
gc-404df8588434,아난티클럽제주(회원제),public/seo-images/courses/gc-404df8588434.png,course
gc-0654fd7fa764,캐슬렉스제주(회원제),public/seo-images/courses/gc-0654fd7fa764.png,course
gc-e51deb9a5cbf,해비치CC(회원제),public/seo-images/courses/gc-e51deb9a5cbf.png,course
gc-834f306ba4e2,롯데스카이힐제주CC(회원제),public/seo-images/courses/gc-834f306ba4e2.png,course
gc-85e4c645a34a,사이프러스 골프앤리조트(회원제),public/seo-images/courses/gc-85e4c645a34a.png,course
gc-4365b50502ef,사이프러스 골프앤리조트(퍼블릭),public/seo-images/courses/gc-4365b50502ef.png,course
gc-029535a99281,나인브릿지CC(회원제),public/seo-images/courses/gc-029535a99281.png,course
gc-41a0194846f8,핀크스GC(회원제),public/seo-images/courses/gc-41a0194846f8.png,course
gc-b825d1073c5d,핀크스GC(퍼블릭),public/seo-images/courses/gc-b825d1073c5d.png,course
gc-18f9f355721d,라데나골프클럽,public/seo-images/courses/gc-18f9f355721d.png,course
gc-669d8ad13333,엘리시안강촌CC,public/seo-images/courses/gc-669d8ad13333.png,course
gc-5acca8d60a68,제이드팰리스 골프클럽,public/seo-images/courses/gc-5acca8d60a68.png,course
gc-fa1419df8b1e,남춘천CC,public/seo-images/courses/gc-fa1419df8b1e.png,course
gc-3526f59318a4,휘슬링락CC,public/seo-images/courses/gc-3526f59318a4.png,course
gc-3ae54b5361c3,오너스GC,public/seo-images/courses/gc-3ae54b5361c3.png,course
gc-9e436bbbf364,세레니티강촌CC,public/seo-images/courses/gc-9e436bbbf364.png,course
gc-6b8298356e4e,로드힐스골프클럽,public/seo-images/courses/gc-6b8298356e4e.png,course
gc-a78a36b9d428,라비에벨CC,public/seo-images/courses/gc-a78a36b9d428.png,course
gc-d7a401a860d3,베어크리크 춘천,public/seo-images/courses/gc-d7a401a860d3.png,course
gc-920a66bac706,센추리21컨트리클럽,public/seo-images/courses/gc-920a66bac706.png,course
gc-52110494ceac,파크밸리골프클럽,public/seo-images/courses/gc-52110494ceac.png,course
gc-cbe46e8a03a2,인터불고원주골프클럽,public/seo-images/courses/gc-cbe46e8a03a2.png,course
gc-aca146079a3b,오로라 골프 앤 리조트,public/seo-images/courses/gc-aca146079a3b.png,course
gc-076abf5ece38,샌드파인GC,public/seo-images/courses/gc-076abf5ece38.png,course
gc-5b16502994d3,오투리조트CC,public/seo-images/courses/gc-5b16502994d3.png,course
gc-716535d8799a,설악프라자컨트리클럽,public/seo-images/courses/gc-716535d8799a.png,course
gc-d4f47a219511,영랑호컨트리클럽,public/seo-images/courses/gc-d4f47a219511.png,course
gc-5d96ff075544,파인밸리컨트리클럽,public/seo-images/courses/gc-5d96ff075544.png,course
gc-788ff880fb4f,블랙밸리컨트리클럽,public/seo-images/courses/gc-788ff880fb4f.png,course
gc-3447dbe87ddc,비콘힐스골프클럽,public/seo-images/courses/gc-3447dbe87ddc.png,course
gc-d7beeda963dd,힐드로사이컨트리클럽,public/seo-images/courses/gc-d7beeda963dd.png,course
gc-8322ca96ec3b,세이지우드CC홍천,public/seo-images/courses/gc-8322ca96ec3b.png,course
gc-690b34d2b582,샤인데일골프&리조트,public/seo-images/courses/gc-690b34d2b582.png,course
gc-568fcaa60a5e,카스카디아 골프클럽,public/seo-images/courses/gc-568fcaa60a5e.png,course
gc-bbf51fd6cc91,웰리힐리컨트리클럽,public/seo-images/courses/gc-bbf51fd6cc91.png,course
gc-e494f9e1ff69,동원썬밸리컨트리클럽,public/seo-images/courses/gc-e494f9e1ff69.png,course
gc-17aba5f4eb83,알프스대영컨트리클럽,public/seo-images/courses/gc-17aba5f4eb83.png,course
gc-43114c6913bc,벨라스톤컨트리클럽,public/seo-images/courses/gc-43114c6913bc.png,course
gc-535182f1f0fa,올데이 옥스필드,public/seo-images/courses/gc-535182f1f0fa.png,course
gc-908385d35939,동강시스타 골프장,public/seo-images/courses/gc-908385d35939.png,course
gc-98e23645d4c7,휘닉스 컨트리클럽,public/seo-images/courses/gc-98e23645d4c7.png,course
gc-716264430902,태기산 나인CC,public/seo-images/courses/gc-716264430902.png,course
gc-2b5762bfc60c,알펜시아컨트리클럽,public/seo-images/courses/gc-2b5762bfc60c.png,course
gc-88fd5807de80,알펜시아 700골프클럽,public/seo-images/courses/gc-88fd5807de80.png,course
gc-658a43bb77b8,하이원컨트리클럽,public/seo-images/courses/gc-658a43bb77b8.png,course
gc-57059262e040,한탄강컨트리클럽,public/seo-images/courses/gc-57059262e040.png,course
gc-af74a0cb154f,설악썬밸리컨트리클럽,public/seo-images/courses/gc-af74a0cb154f.png,course
gc-da4ac7ff9f91,소노펠리체 컨트리클럽 델피노,public/seo-images/courses/gc-da4ac7ff9f91.png,course
gc-4454a258c3a6,파인리즈컨트리클럽,public/seo-images/courses/gc-4454a258c3a6.png,course
gc-318abdb864d5,설해원,public/seo-images/courses/gc-318abdb864d5.png,course
gc-9a7ff16abcee,한원컨트리클럽,public/seo-images/courses/gc-9a7ff16abcee.png,course
gc-897c73dbf41b,양지파인골프클럽,public/seo-images/courses/gc-897c73dbf41b.png,course
gc-38b838344176,수원컨트리클럽,public/seo-images/courses/gc-38b838344176.png,course
gc-c2ad879f8193,한성컨트리클럽,public/seo-images/courses/gc-c2ad879f8193.png,course
gc-254a1c054bbe,골드컨트리클럽,public/seo-images/courses/gc-254a1c054bbe.png,course
gc-1475a1d902d7,남부컨트리클럽,public/seo-images/courses/gc-1475a1d902d7.png,course
gc-a53c3fecd592,신원CC,public/seo-images/courses/gc-a53c3fecd592.png,course
gc-120c785ee7a3,은화삼컨트리클럽,public/seo-images/courses/gc-120c785ee7a3.png,course
gc-25de9ff08a30,아시아나컨트리클럽,public/seo-images/courses/gc-25de9ff08a30.png,course
gc-0086afc84101,코리아컨트리클럽,public/seo-images/courses/gc-0086afc84101.png,course
gc-20c1df4aa8fb,지산컨트리클럽,public/seo-images/courses/gc-20c1df4aa8fb.png,course
gc-ab63350a5577,화산컨트리클럽,public/seo-images/courses/gc-ab63350a5577.png,course
gc-8b59a320f132,한림용인CC,public/seo-images/courses/gc-8b59a320f132.png,course
gc-748b687096d1,글렌로스 골프클럽,public/seo-images/courses/gc-748b687096d1.png,course
gc-928514cac4c6,용인CC,public/seo-images/courses/gc-928514cac4c6.png,course
gc-c45d3f5d316d,써닝포인트 컨트리클럽,public/seo-images/courses/gc-c45d3f5d316d.png,course
gc-f4bb9638f567,해솔리아 컨트리클럽,public/seo-images/courses/gc-f4bb9638f567.png,course
gc-af63c289d999,세현CC,public/seo-images/courses/gc-af63c289d999.png,course
gc-3b60b2dadb3f,뉴코리아 컨트리클럽,public/seo-images/courses/gc-3b60b2dadb3f.png,course
gc-18640b625b94,올림픽 골프장,public/seo-images/courses/gc-18640b625b94.png,course
gc-41b5c15f44da,일산스프링힐스 컨트리클럽,public/seo-images/courses/gc-41b5c15f44da.png,course
gc-1faa083d0616,한양파인컨트리클럽,public/seo-images/courses/gc-1faa083d0616.png,course
gc-210de13c89f8,남서울컨트리클럽,public/seo-images/courses/gc-210de13c89f8.png,course
gc-4731f8c98a6d,리베라컨트리클럽,public/seo-images/courses/gc-4731f8c98a6d.png,course
gc-7701abd77260,기흥컨트리클럽,public/seo-images/courses/gc-7701abd77260.png,course
gc-ee03e5ddbe9f,라비돌컨트리클럽,public/seo-images/courses/gc-ee03e5ddbe9f.png,course
gc-5ec5b76d3c22,화성골프클럽,public/seo-images/courses/gc-5ec5b76d3c22.png,course
gc-c77232b99bd6,링크나인골프클럽,public/seo-images/courses/gc-c77232b99bd6.png,course
gc-24a9087d99d6,양주 컨트리클럽,public/seo-images/courses/gc-24a9087d99d6.png,course
gc-7471c8142b1e,비전힐스CC,public/seo-images/courses/gc-7471c8142b1e.png,course
gc-01a5e4501db9,해비치 컨트리클럽,public/seo-images/courses/gc-01a5e4501db9.png,course
gc-29fa36946d15,남양주CC,public/seo-images/courses/gc-29fa36946d15.png,course
gc-5e74f5c1f4b5,제일컨트리클럽,public/seo-images/courses/gc-5e74f5c1f4b5.png,course
gc-df2b984b36c9,솔트베이 골프클럽,public/seo-images/courses/gc-df2b984b36c9.png,course
gc-d5533edff8e8,아세코밸리골프클럽,public/seo-images/courses/gc-d5533edff8e8.png,course
gc-962dc7cafd46,서서울 컨트리클럽,public/seo-images/courses/gc-962dc7cafd46.png,course
gc-0ab02fc6c813,서원밸리 골프장,public/seo-images/courses/gc-0ab02fc6c813.png,course
gc-fabeaa53a815,서원힐스 골프장,public/seo-images/courses/gc-fabeaa53a815.png,course
gc-d5cd483c8c94,노스팜 컨트리클럽,public/seo-images/courses/gc-d5cd483c8c94.png,course
gc-d0e431ff250c,스마트KU 골프 파빌리온,public/seo-images/courses/gc-d0e431ff250c.png,course
gc-e04bb1d7bba9,남촌컨트리클럽,public/seo-images/courses/gc-e04bb1d7bba9.png,course
gc-b37c66474de6,이스트밸리CC,public/seo-images/courses/gc-b37c66474de6.png,course
gc-bed5fc0dc1f2,그린힐 컨트리클럽,public/seo-images/courses/gc-bed5fc0dc1f2.png,course
gc-2fa514959418,강남300 컨트리클럽,public/seo-images/courses/gc-2fa514959418.png,course
gc-4cbc2f4feecc,로제비앙GC,public/seo-images/courses/gc-4cbc2f4feecc.png,course
gc-14e8979016a9,곤지암GC,public/seo-images/courses/gc-14e8979016a9.png,course
gc-f28133275bb9,중부컨트리클럽,public/seo-images/courses/gc-f28133275bb9.png,course
gc-3c54aee76615,뉴서울컨트리클럽,public/seo-images/courses/gc-3c54aee76615.png,course
gc-3e570fca0614,캐슬렉스골프클럽,public/seo-images/courses/gc-3e570fca0614.png,course
gc-9944c1872c71,안양컨트리클럽,public/seo-images/courses/gc-9944c1872c71.png,course
gc-9bb0cbe01084,송추 컨트리클럽,public/seo-images/courses/gc-9bb0cbe01084.png,course
gc-82563fee9804,에이치원 클럽,public/seo-images/courses/gc-82563fee9804.png,course
gc-eb40a22304aa,뉴스프링빌골프장,public/seo-images/courses/gc-eb40a22304aa.png,course
gc-b046571c4182,더반 골프클럽,public/seo-images/courses/gc-b046571c4182.png,course
gc-085e92730123,웰링턴컨트리클럽,public/seo-images/courses/gc-085e92730123.png,course
gc-d76bd69feda5,더크로스비골프클럽,public/seo-images/courses/gc-d76bd69feda5.png,course
gc-152613ee89f3,골프클럽Q,public/seo-images/courses/gc-152613ee89f3.png,course
gc-0151ec2b5b3a,마에스트로 CC,public/seo-images/courses/gc-0151ec2b5b3a.png,course
gc-2c8ffe1e182d,신안컨트리클럽,public/seo-images/courses/gc-2c8ffe1e182d.png,course
gc-a026faeee8ac,윈체스트 골프클럽 대중,public/seo-images/courses/gc-a026faeee8ac.png,course
gc-5062dbcbfa1c,포웰CC 안성,public/seo-images/courses/gc-5062dbcbfa1c.png,course
gc-16fca0551d98,한림안성,public/seo-images/courses/gc-16fca0551d98.png,course
gc-5495f8d48bf7,에덴블루 컨트리클럽,public/seo-images/courses/gc-5495f8d48bf7.png,course
gc-1f3e33adbac2,이글몬트CC,public/seo-images/courses/gc-1f3e33adbac2.png,course
gc-b46ed64b80b6,필로스 골프클럽,public/seo-images/courses/gc-b46ed64b80b6.png,course
gc-02352ab50684,일동레이크 골프클럽,public/seo-images/courses/gc-02352ab50684.png,course
gc-f2158c0fa417,푸른솔 골프클럽 포천,public/seo-images/courses/gc-f2158c0fa417.png,course
gc-564e2ae6067a,포천힐스 컨트리클럽,public/seo-images/courses/gc-564e2ae6067a.png,course
gc-b7fd5ee009ca,포레스트힐 컨트리클럽,public/seo-images/courses/gc-b7fd5ee009ca.png,course
gc-7c76a7546834,샴발라 컨트리클럽,public/seo-images/courses/gc-7c76a7546834.png,course
gc-81ecacc0ae41,라싸 골프클럽,public/seo-images/courses/gc-81ecacc0ae41.png,course
gc-7ef394db717b,힐마루 골프앤리조트 포천,public/seo-images/courses/gc-7ef394db717b.png,course
gc-5ca66aa29c0b,양평TPC GC,public/seo-images/courses/gc-5ca66aa29c0b.png,course
gc-88f7a6754606,YJC골프클럽,public/seo-images/courses/gc-88f7a6754606.png,course
gc-7e1dadf46eaa,소피아그린,public/seo-images/courses/gc-7e1dadf46eaa.png,course
gc-b55900a1fcf9,솔모로골프장,public/seo-images/courses/gc-b55900a1fcf9.png,course
gc-c0e3c44b953c,아리지 골프장,public/seo-images/courses/gc-c0e3c44b953c.png,course
gc-75ecca302d46,이포골프장,public/seo-images/courses/gc-75ecca302d46.png,course
gc-d388a17be449,신라컨트리클럽,public/seo-images/courses/gc-d388a17be449.png,course
gc-c6db7aa6cbe6,해슬리나인브릿지 컨트리클럽,public/seo-images/courses/gc-c6db7aa6cbe6.png,course
gc-30fa81244c96,세라지오GC,public/seo-images/courses/gc-30fa81244c96.png,course
gc-13ed08c1c42b,360도 컨트리클럽,public/seo-images/courses/gc-13ed08c1c42b.png,course
gc-417ae947fa4c,여주썬밸리 컨트리클럽,public/seo-images/courses/gc-417ae947fa4c.png,course
gc-bd3f6011928e,페럼클럽,public/seo-images/courses/gc-bd3f6011928e.png,course
gc-41b908991867,ROUTE52CC,public/seo-images/courses/gc-41b908991867.png,course
gc-79abd327c051,티클라우드컨트리클럽,public/seo-images/courses/gc-79abd327c051.png,course
gc-14a40331e62c,마이다스밸리 청평 골프클럽,public/seo-images/courses/gc-14a40331e62c.png,course
gc-b4f940680084,프리스틴밸리 골프클럽,public/seo-images/courses/gc-b4f940680084.png,course
gc-f0e079a5a368,크리스탈밸리C.C,public/seo-images/courses/gc-f0e079a5a368.png,course
gc-068617149ff3,베뉴지CC,public/seo-images/courses/gc-068617149ff3.png,course
gc-1635f231cd12,자유로컨트리클럽,public/seo-images/courses/gc-1635f231cd12.png,course
gc-ba63455c375f,창원컨트리클럽,public/seo-images/courses/gc-ba63455c375f.png,course
gc-bfc85ba9acd0,용원컨트리클럽,public/seo-images/courses/gc-bfc85ba9acd0.png,course
gc-745bb2ca1c75,아라미르골프앤리조트,public/seo-images/courses/gc-745bb2ca1c75.png,course
gc-25bf0a715d27,진주컨트리클럽,public/seo-images/courses/gc-25bf0a715d27.png,course
gc-d052d2018eeb,삼삼컨트리클럽,public/seo-images/courses/gc-d052d2018eeb.png,course
gc-7c631a53804f,김해정산컨트리클럽,public/seo-images/courses/gc-7c631a53804f.png,course
gc-60d067e583df,포웰CC 김해,public/seo-images/courses/gc-60d067e583df.png,course
gc-57ce42c5a27d,리더스컨트리클럽,public/seo-images/courses/gc-57ce42c5a27d.png,course
gc-db7809fe87b9,밀양컨트리클럽,public/seo-images/courses/gc-db7809fe87b9.png,course
gc-a33f55e2efe0,밀양노벨컨트리클럽,public/seo-images/courses/gc-a33f55e2efe0.png,course
gc-2b0f0302ba03,거제드비치골프클럽,public/seo-images/courses/gc-2b0f0302ba03.png,course
gc-cc0251be98e6,거제뷰컨트리클럽,public/seo-images/courses/gc-cc0251be98e6.png,course
gc-37a17c98d697,통도파인이스트컨트리클럽,public/seo-images/courses/gc-37a17c98d697.png,course
gc-7031ce912de8,동부산컨트리클럽,public/seo-images/courses/gc-7031ce912de8.png,course
gc-e85969d2e40c,에이원컨트리클럽,public/seo-images/courses/gc-e85969d2e40c.png,course
gc-68aed81d1384,양산컨트리클럽,public/seo-images/courses/gc-68aed81d1384.png,course
gc-e33531fed221,다이아몬드컨트리클럽,public/seo-images/courses/gc-e33531fed221.png,course
gc-afaf2442a07f,양산동원로얄CC,public/seo-images/courses/gc-afaf2442a07f.png,course
gc-1a979a076b10,의령친환경골프장,public/seo-images/courses/gc-1a979a076b10.png,course
gc-f2927c01eff1,의령 리온컨트리클럽,public/seo-images/courses/gc-f2927c01eff1.png,course
gc-5aff806af4f9,부곡컨트리클럽,public/seo-images/courses/gc-5aff806af4f9.png,course
gc-5eecfb4b22ad,고성컨트리클럽,public/seo-images/courses/gc-5eecfb4b22ad.png,course
gc-11e571536868,아난티남해CC,public/seo-images/courses/gc-11e571536868.png,course
gc-a2ecc8249f1d,아난티남해GC,public/seo-images/courses/gc-a2ecc8249f1d.png,course
gc-64e6bf7be0a4,경남스카이뷰CC,public/seo-images/courses/gc-64e6bf7be0a4.png,course
gc-993e536ad4ee,클럽디거창,public/seo-images/courses/gc-993e536ad4ee.png,course
gc-2a08fd4bdc5e,아델스코트 컨트리클럽,public/seo-images/courses/gc-2a08fd4bdc5e.png,course
gc-4b9a9d1f37d8,보문G.C,public/seo-images/courses/gc-4b9a9d1f37d8.png,course
gc-6ec3dc97bc62,안강레전드G.C,public/seo-images/courses/gc-6ec3dc97bc62.png,course
gc-94b561c2c97d,안동레이크골프클럽,public/seo-images/courses/gc-94b561c2c97d.png,course
gc-addca096eb8a,인터불고컨트리클럽,public/seo-images/courses/gc-addca096eb8a.png,course
gc-96fce8122d04,펜타뷰골프클럽,public/seo-images/courses/gc-96fce8122d04.png,course
gc-8809b27cc2be,마스터피스CC,public/seo-images/courses/gc-8809b27cc2be.png,course
gc-043cdfb2fdcd,대가야CC,public/seo-images/courses/gc-043cdfb2fdcd.png,course
gc-078c6e56af3a,마린CC,public/seo-images/courses/gc-078c6e56af3a.png,course
gc-abff7021616b,빛고을컨트리클럽,public/seo-images/courses/gc-abff7021616b.png,course
gc-96881a9924c5,어등산컨트리클럽,public/seo-images/courses/gc-96881a9924c5.png,course
gc-3b059ef8ec97,팔공컨트리클럽,public/seo-images/courses/gc-3b059ef8ec97.png,course
gc-7b7b0fc1d2dd,냉천컨트리클럽,public/seo-images/courses/gc-7b7b0fc1d2dd.png,course
gc-5164e33152d9,구니컨트리클럽,public/seo-images/courses/gc-5164e33152d9.png,course
gc-28ed803e0e26,유성컨트리클럽,public/seo-images/courses/gc-28ed803e0e26.png,course
gc-c9369c96907d,금실대덕밸리CC,public/seo-images/courses/gc-c9369c96907d.png,course
gc-485bb35864fb,부산컨트리클럽,public/seo-images/courses/gc-485bb35864fb.png,course
gc-38215b654b62,동래베네스트골프클럽,public/seo-images/courses/gc-38215b654b62.png,course
gc-9262179bfeaa,하이스트컨트리클럽,public/seo-images/courses/gc-9262179bfeaa.png,course
gc-2070c1511760,아시아드컨트리클럽,public/seo-images/courses/gc-2070c1511760.png,course
gc-0cacc131d4d7,해운대컨트리클럽,public/seo-images/courses/gc-0cacc131d4d7.png,course
gc-dceb317bb674,베이사이드골프클럽,public/seo-images/courses/gc-dceb317bb674.png,course
gc-80348568c7d7,기장동원로얄컨트리클럽,public/seo-images/courses/gc-80348568c7d7.png,course
gc-4fba6a0ae29e,스톤게이트컨트리클럽,public/seo-images/courses/gc-4fba6a0ae29e.png,course
gc-dd6fca373d1b,인서울27골프클럽,public/seo-images/courses/gc-dd6fca373d1b.png,course
gc-2b09ff38b37c,세종에머슨컨트리클럽,public/seo-images/courses/gc-2b09ff38b37c.png,course
gc-1e8879a575c1,세종레이캐슬골프&리조트,public/seo-images/courses/gc-1e8879a575c1.png,course
gc-312ef6603be3,보라골프장,public/seo-images/courses/gc-312ef6603be3.png,course
gc-bb197f80e910,베이스타즈CC,public/seo-images/courses/gc-bb197f80e910.png,course
gc-442afb70220e,오르비스골프클럽,public/seo-images/courses/gc-442afb70220e.png,course
gc-fa1a5b7b0f98,인천국제컨트리클럽,public/seo-images/courses/gc-fa1a5b7b0f98.png,course
gc-68bd427a4957,송도골프클럽,public/seo-images/courses/gc-68bd427a4957.png,course
gc-60319bf1693c,인천그랜드CC,public/seo-images/courses/gc-60319bf1693c.png,course
gc-fa55dbc73e9b,베어즈베스트 청라GC,public/seo-images/courses/gc-fa55dbc73e9b.png,course
gc-781728826076,석모도컨트리클럽,public/seo-images/courses/gc-781728826076.png,course
gc-496303f3c77c,오렌지듄스 영종골프클럽,public/seo-images/courses/gc-496303f3c77c.png,course
gc-868a31e611a3,강화 선두리 골프장,public/seo-images/courses/gc-868a31e611a3.png,course
gc-043ae5d51851,베르힐CC 영종,public/seo-images/courses/gc-043ae5d51851.png,course
gc-4c57c6fd7298,디오션CC,public/seo-images/courses/gc-4c57c6fd7298.png,course
gc-295d6bb19311,포라이즌,public/seo-images/courses/gc-295d6bb19311.png,course
gc-95d86b96417d,파인힐스CC,public/seo-images/courses/gc-95d86b96417d.png,course
gc-a4b9d0a94686,순천부영CC,public/seo-images/courses/gc-a4b9d0a94686.png,course
gc-2042973e4c2d,나주힐스CC,public/seo-images/courses/gc-2042973e4c2d.png,course
gc-e87bc5cc22aa,광양CC,public/seo-images/courses/gc-e87bc5cc22aa.png,course
gc-1236a882f178,창평CC,public/seo-images/courses/gc-1236a882f178.png,course
gc-98d4ad236944,레이나CC,public/seo-images/courses/gc-98d4ad236944.png,course
gc-353e04416544,죽향CC,public/seo-images/courses/gc-353e04416544.png,course
gc-7be0893151f7,광주CC,public/seo-images/courses/gc-7be0893151f7.png,course
gc-39d4525a34c6,옥과기안CC,public/seo-images/courses/gc-39d4525a34c6.png,course
gc-8c40f9db402e,르오네뜨CC,public/seo-images/courses/gc-8c40f9db402e.png,course
gc-496a04b9cf3f,보성CC,public/seo-images/courses/gc-496a04b9cf3f.png,course
gc-2d39844d8485,보성에덴CC,public/seo-images/courses/gc-2d39844d8485.png,course
gc-658ae3503358,엘리체CC,public/seo-images/courses/gc-658ae3503358.png,course
gc-ecd9077e6622,조아밸리CC,public/seo-images/courses/gc-ecd9077e6622.png,course
gc-e8468ec9b024,무등산CC,public/seo-images/courses/gc-e8468ec9b024.png,course
gc-9885ff9a556f,JNJ골프리조트,public/seo-images/courses/gc-9885ff9a556f.png,course
gc-437ea8156737,파인비치골프링크스,public/seo-images/courses/gc-437ea8156737.png,course
gc-5b534d8afc35,솔라시도CC,public/seo-images/courses/gc-5b534d8afc35.png,course
gc-068d49f9d08c,아크로CC,public/seo-images/courses/gc-068d49f9d08c.png,course
gc-138f4498623e,무안CC,public/seo-images/courses/gc-138f4498623e.png,course
gc-a043a2488af5,클린밸리CC,public/seo-images/courses/gc-a043a2488af5.png,course
gc-80a626b2053e,엘리체CC,public/seo-images/courses/gc-80a626b2053e.png,course
gc-e50b3c8c38c0,베르힐컨트리클럽,public/seo-images/courses/gc-e50b3c8c38c0.png,course
gc-cc31ca848991,웨스트오션CC,public/seo-images/courses/gc-cc31ca848991.png,course
gc-db3f5634c5ee,백양우리CC,public/seo-images/courses/gc-db3f5634c5ee.png,course
gc-0b047be49f03,전주월드컵골프장,public/seo-images/courses/gc-0b047be49f03.png,course
gc-e66e37a5892a,익산컨트리클럽,public/seo-images/courses/gc-e66e37a5892a.png,course
gc-11d936495fd4,포세븐금강컨트리클럽,public/seo-images/courses/gc-11d936495fd4.png,course
gc-db9ee81a1a70,내장산골프&리조트,public/seo-images/courses/gc-db9ee81a1a70.png,course
gc-555dca97c252,남원상록골프장,public/seo-images/courses/gc-555dca97c252.png,course
gc-93d79516b4dd,아네스빌CC,public/seo-images/courses/gc-93d79516b4dd.png,course
gc-8cda6b72d361,김제스파힐스CC,public/seo-images/courses/gc-8cda6b72d361.png,course
gc-51bc2ed864d2,더나인골프클럽,public/seo-images/courses/gc-51bc2ed864d2.png,course
gc-3dc796a63edd,OKCC,public/seo-images/courses/gc-3dc796a63edd.png,course
gc-af220a47e9ad,써미트CC,public/seo-images/courses/gc-af220a47e9ad.png,course
gc-dede5bb789cf,무주덕유산CC,public/seo-images/courses/gc-dede5bb789cf.png,course
gc-6d636874e191,장수골프리조트,public/seo-images/courses/gc-6d636874e191.png,course
gc-a2c85434539e,전주샹그릴라CC,public/seo-images/courses/gc-a2c85434539e.png,course
gc-e6f654f8efb6,고창CC,public/seo-images/courses/gc-e6f654f8efb6.png,course
gc-8f5c8d0f5d46,석정힐CC,public/seo-images/courses/gc-8f5c8d0f5d46.png,course
gc-c96a1655bd5c,타미우스cc,public/seo-images/courses/gc-c96a1655bd5c.png,course
gc-aff117457c45,라헨느CC,public/seo-images/courses/gc-aff117457c45.png,course
gc-ed4f10d4c149,볼카노골프앤리조트,public/seo-images/courses/gc-ed4f10d4c149.png,course
gc-464e4a545027,에코랜드,public/seo-images/courses/gc-464e4a545027.png,course
gc-0e0131544801,라온골프클럽,public/seo-images/courses/gc-0e0131544801.png,course
gc-84bb21f2b77e,크라운CC,public/seo-images/courses/gc-84bb21f2b77e.png,course
gc-5f82bbc964a8,더시에나CC,public/seo-images/courses/gc-5f82bbc964a8.png,course
gc-d03e2b710be0,한라산CC,public/seo-images/courses/gc-d03e2b710be0.png,course
gc-e0165d4e49cd,부영CC,public/seo-images/courses/gc-e0165d4e49cd.png,course
gc-7dcfb1b60ab9,서귀포팬텀 골프앤리조트,public/seo-images/courses/gc-7dcfb1b60ab9.png,course
gc-c96f2da1a4dc,중문GC,public/seo-images/courses/gc-c96f2da1a4dc.png,course
gc-a441de4b462a,더클래식CC,public/seo-images/courses/gc-a441de4b462a.png,course
gc-e401cda7a8ad,우정힐스 컨트리클럽,public/seo-images/courses/gc-e401cda7a8ad.png,course
gc-7681bcbcf45d,천안상록 골프장,public/seo-images/courses/gc-7681bcbcf45d.png,course
gc-2c27b8854e6b,마론컨트리클럽,public/seo-images/courses/gc-2c27b8854e6b.png,course
gc-5631e69db45e,보령베이스CC,public/seo-images/courses/gc-5631e69db45e.png,course
gc-de2b5fc511da,에스앤 골프리조트,public/seo-images/courses/gc-de2b5fc511da.png,course
gc-c9dda49e7539,서산수 골프앤리조트,public/seo-images/courses/gc-c9dda49e7539.png,course
gc-e3f0db78167a,더힐 컨트리클럽,public/seo-images/courses/gc-e3f0db78167a.png,course
gc-c0cdb2271518,아리스타 CC,public/seo-images/courses/gc-c0cdb2271518.png,course
gc-699579941cf6,파인스톤 컨트리클럽,public/seo-images/courses/gc-699579941cf6.png,course
gc-95696dbd5d40,파나시아 골프클럽,public/seo-images/courses/gc-95696dbd5d40.png,course
gc-b48ba0827aa2,에딘버러 컨트리클럽,public/seo-images/courses/gc-b48ba0827aa2.png,course
gc-19f328d2bc87,백제컨트리클럽,public/seo-images/courses/gc-19f328d2bc87.png,course
gc-bf183cd699c7,로얄링스 CC,public/seo-images/courses/gc-bf183cd699c7.png,course
gc-167a7f95d402,솔라고CC,public/seo-images/courses/gc-167a7f95d402.png,course
gc-04b372ccad13,내포골프클럽,public/seo-images/courses/gc-04b372ccad13.png,course
gc-81f36c789316,그랜드cc,public/seo-images/courses/gc-81f36c789316.png,course
gc-6ea98adb1954,아난티 중앙골프클럽,public/seo-images/courses/gc-6ea98adb1954.png,course
gc-a81df4ea7927,천 룡cc,public/seo-images/courses/gc-a81df4ea7927.png,course
gc-8ccf3d19f9bb,세레니티cc,public/seo-images/courses/gc-8ccf3d19f9bb.png,course
gc-ce7b0e81cf22,스 타cc,public/seo-images/courses/gc-ce7b0e81cf22.png,course
gc-760b850e4451,천 룡cc,public/seo-images/courses/gc-760b850e4451.png,course
gc-ac8ec878e912,썬밸리cc,public/seo-images/courses/gc-ac8ec878e912.png,course
gc-54e8d6f41d3b,중 원cc,public/seo-images/courses/gc-54e8d6f41d3b.png,course
gc-8ded1998e36a,히든밸리cc,public/seo-images/courses/gc-8ded1998e36a.png,course
gc-663ebcd52f5e,골드나인cc,public/seo-images/courses/gc-663ebcd52f5e.png,course
gc-3d68f1ae46e5,센테리움cc,public/seo-images/courses/gc-3d68f1ae46e5.png,course
gc-f261ddd7cd1a,대호단양cc,public/seo-images/courses/gc-f261ddd7cd1a.png,course
gc-6bee4df56cf5,대영베이스cc,public/seo-images/courses/gc-6bee4df56cf5.png,course
gc-facbcadf0522,오창 에딘버러,public/seo-images/courses/gc-facbcadf0522.png,course
gc-9c36390d43ba,이븐데일cc,public/seo-images/courses/gc-9c36390d43ba.png,course
gc-717efe03426f,킹즈락cc,public/seo-images/courses/gc-717efe03426f.png,course
gc-eec2e96ca1a7,젠스필드cc,public/seo-images/courses/gc-eec2e96ca1a7.png,course
gc-1cfb7d6583c7,대영힐스cc,public/seo-images/courses/gc-1cfb7d6583c7.png,course
gc-617f2f73c737,진양밸리cc,public/seo-images/courses/gc-617f2f73c737.png,course
gc-e02aaeea09ed,코스카cc,public/seo-images/courses/gc-e02aaeea09ed.png,course
gc-914eaef995a0,클럽디속리산,public/seo-images/courses/gc-914eaef995a0.png,course
gc-2bace244ca44,동촌CC,public/seo-images/courses/gc-2bace244ca44.png,course
gc-0a89c1c9b286,모카컨트리클럽,public/seo-images/courses/gc-0a89c1c9b286.png,course
gc-746ebce39dd0,클럽디 보은,public/seo-images/courses/gc-746ebce39dd0.png,course
gc-ca6baf196057,올데이골프앤리조트,public/seo-images/courses/gc-ca6baf196057.png,course
gc-b86dec31683a,감곡CC,public/seo-images/courses/gc-b86dec31683a.png,course
gc-a8e246e93ac3,일라이트CC,public/seo-images/courses/gc-a8e246e93ac3.png,course
gc-e14661a32922,일레븐CC,public/seo-images/courses/gc-e14661a32922.png,course
gc-8d9ee33d1f22,킹스데일GC,public/seo-images/courses/gc-8d9ee33d1f22.png,course
gc-cf2911a3e910,힐데스하임CC,public/seo-images/courses/gc-cf2911a3e910.png,course
gc-736ecb0e589a,세레니티cc,public/seo-images/courses/gc-736ecb0e589a.png,course
gc-a043ad4dfcf6,서경타니CC,public/seo-images/courses/gc-a043ad4dfcf6.png,course
gc-53f5c270575b,해피니스CC (퍼블릭),public/seo-images/courses/gc-53f5c270575b.png,course
gc-06c10aaf3618,나인브릿지CC(퍼블릭),public/seo-images/courses/gc-06c10aaf3618.png,course
gc-1ce1b36ed2da,시그너스cc,public/seo-images/courses/gc-1ce1b36ed2da.png,course
gc-17fef5525b26,스프링베일GC,public/seo-images/courses/gc-17fef5525b26.png,course
gc-ba3362c686e4,골프존카운티 안성H,public/seo-images/courses/gc-ba3362c686e4.png,course
gc-411771a420e7,골프존카운티 안성W,public/seo-images/courses/gc-411771a420e7.png,course
gc-945ef0204a99,골프존카운티 사천,public/seo-images/courses/gc-945ef0204a99.png,course
gc-968de8ceffeb,밀양에스파크컨트리클럽,public/seo-images/courses/gc-968de8ceffeb.png,course
gc-09693194d3fb,골프존카운티 경남,public/seo-images/courses/gc-09693194d3fb.png,course
gc-96bed6159452,골프존카운티 감포,public/seo-images/courses/gc-96bed6159452.png,course
gc-6a587177a23c,골프존카운티 선산,public/seo-images/courses/gc-6a587177a23c.png,course
gc-a944350f5db1,골프존카운티 구미,public/seo-images/courses/gc-a944350f5db1.png,course
gc-01d6a94bf335,골프존카운티 청통,public/seo-images/courses/gc-01d6a94bf335.png,course
gc-3f766167d45e,잭니클라우스골프클럽코리아,public/seo-images/courses/gc-3f766167d45e.png,course
gc-4005648f63d2,골프존카운티 송도,public/seo-images/courses/gc-4005648f63d2.png,course
gc-3269edc70897,골프존카운티 순천,public/seo-images/courses/gc-3269edc70897.png,course
gc-982325a51789,골프존카운티 영암,public/seo-images/courses/gc-982325a51789.png,course
gc-2a867c283a2c,골프존카운티 무주,public/seo-images/courses/gc-2a867c283a2c.png,course
gc-1f1578e897f2,골프존카운티 선운,public/seo-images/courses/gc-1f1578e897f2.png,course
gc-adeec421c374,골프존카운티 천안,public/seo-images/courses/gc-adeec421c374.png,course
gc-226b2263c6f6,골프존카운티 진천,public/seo-images/courses/gc-226b2263c6f6.png,course
gc-ab22b2f16924,골프존카운티 화랑,public/seo-images/courses/gc-ab22b2f16924.png,course
gc-01762fe809b0,골프존카운티 드래곤,public/seo-images/courses/gc-01762fe809b0.png,course
gc-d780ed19a4d0,골프존카운티 오라,public/seo-images/courses/gc-d780ed19a4d0.png,course
gc-4949c11c28bf,골프존카운티 오라,public/seo-images/courses/gc-4949c11c28bf.png,course
gc-74de2175f831,블랙스톤 제주,public/seo-images/courses/gc-74de2175f831.png,course
gc-56c3be8c5a61,클럽디 더플레이어스,public/seo-images/courses/gc-56c3be8c5a61.png,course
gc-3b9faaf01e87,성문안CC,public/seo-images/courses/gc-3b9faaf01e87.png,course
gc-3eb069c5fb2a,동서울컨트리클럽,public/seo-images/courses/gc-3eb069c5fb2a.png,course
gc-426fc575906a,클럽모우CC,public/seo-images/courses/gc-426fc575906a.png,course
gc-a09581c58781,벨라45 컨트리클럽,public/seo-images/courses/gc-a09581c58781.png,course
gc-c97aebfdffe3,에콜리안정선CC,public/seo-images/courses/gc-c97aebfdffe3.png,course
gc-fc0e80550b95,용인CC(석천코스),public/seo-images/courses/gc-fc0e80550b95.png,course
gc-27324df1736a,서울한양CC,public/seo-images/courses/gc-27324df1736a.png,course
gc-a68be6870289,김포씨사이드CC,public/seo-images/courses/gc-a68be6870289.png,course
gc-fb2e8a3b34d8,베스트밸리GC,public/seo-images/courses/gc-fb2e8a3b34d8.png,course
gc-2e3210c9d979,안성베네스트GC(회원제),public/seo-images/courses/gc-2e3210c9d979.png,course
gc-8f72ace0d89a,안성베네스트GC(퍼블릭),public/seo-images/courses/gc-8f72ace0d89a.png,course
gc-2c90528d411e,신안CC,public/seo-images/courses/gc-2c90528d411e.png,course
gc-fb0d61e3914d,베어크리크 골프클럽,public/seo-images/courses/gc-fb0d61e3914d.png,course
gc-825e9c261de2,코브스윙(참밸리CC),public/seo-images/courses/gc-825e9c261de2.png,course
gc-a15f33b9f89a,더스타휴골프앤리조트,public/seo-images/courses/gc-a15f33b9f89a.png,course
gc-59ee5f28d2c8,남여주GC,public/seo-images/courses/gc-59ee5f28d2c8.png,course
gc-d18fa63ecde3,동원로얄CC,public/seo-images/courses/gc-d18fa63ecde3.png,course
gc-49239d9192d1,김해상록골프클럽,public/seo-images/courses/gc-49239d9192d1.png,course
gc-9c3aa425a935,포항CC,public/seo-images/courses/gc-9c3aa425a935.png,course
gc-dac303292dae,영천오펠GC,public/seo-images/courses/gc-dac303292dae.png,course
gc-91f353d46004,블루원 상주CC,public/seo-images/courses/gc-91f353d46004.png,course
gc-385ee578118d,고령오펠GC,public/seo-images/courses/gc-385ee578118d.png,course
gc-a1c00071e4b8,한맥컨트리클럽,public/seo-images/courses/gc-a1c00071e4b8.png,course
gc-a9d6992e56d4,해운대비치골프앤리조트,public/seo-images/courses/gc-a9d6992e56d4.png,course
gc-dc3aed15fe4c,세종필드GC,public/seo-images/courses/gc-dc3aed15fe4c.png,course
gc-8c92f9985671,골드그린GC,public/seo-images/courses/gc-8c92f9985671.png,course
gc-45a6c468cd91,웅포컨트리클럽,public/seo-images/courses/gc-45a6c468cd91.png,course
gc-0bd7dd5c03df,케이밸리CC,public/seo-images/courses/gc-0bd7dd5c03df.png,course
gc-9655898af6a6,포웰CC프린세스,public/seo-images/courses/gc-9655898af6a6.png,course
gc-e91593f65b4b,도고CC,public/seo-images/courses/gc-e91593f65b4b.png,course
gc-ae86fbe36e97,임페리얼레이크CC,public/seo-images/courses/gc-ae86fbe36e97.png,course
gc-3d728357d622,에콜리안제천CC,public/seo-images/courses/gc-3d728357d622.png,course
gc-fa86c43067e7,드림파크CC,public/seo-images/courses/gc-fa86c43067e7.png,course
